maersk,,,,"['Shekou', 'MANILA SOUTH', 'Nansha New Port', 'Shekou', 'MANILA SOUTH', 'Nansha New Port', 'Shekou', 'MANILA SOUTH', 'Nansha New Port', 'Shekou', 'MANILA SOUTH', 'Nansha New Port', 'Shekou', 'MANILA SOUTH', 'Nansha New Port', 'Shekou', 'MANILA SOUTH', 'Nansha New Port', 'Shekou']",9229609,A HOUOU,KM3
maersk,,,,"['Chornomorsk', 'Port Said East', 'Chornomorsk', 'Port Said East', 'Chornomorsk', 'Port Said East', 'Chornomorsk']",9354674,A OBELIX,N9T
maersk,,,,"['Osaka', 'Kobe', 'Qingdao', 'Qingdao', 'Osaka', 'Kobe', 'Qingdao']",9972842,A SUWA,FY7
maersk,,,,"['Valencia', 'Port Tangier Mediterranee', 'Salalah', 'Jebel Ali', 'Mundra', 'Jawaharlal Nehru']",9948803,A. P. Moller,GH4
maersk,,,,[],9958767,AAL HAMBURG,KU4
maersk,,,,['Ningbo'],9958779,AAL HOUSTON,KY9
maersk,,,,['Ningbo'],9958779,AAL HOUSTON,KY9
maersk,,,,['Ningbo'],9498353,AAL KEMBLA,KX4
maersk,,,,"['Puerto Moin', 'Ningbo']",9958755,AAL LIMASSOL,KZ9
maersk,,,,"['Philadelphia', 'Cartagena', 'Felixstowe', 'Hamburg', 'Antwerp']",9972995,ACHELOOS,KI7
maersk,,,,"['Newark', 'Norfolk', 'Baltimore', 'Saint John', 'Southampton', 'Rotterdam', 'Hamburg', 'Wilhelmshaven']",9260914,ADAMS,T9P
maersk,,,,"['Ambarli Port Istanbul', 'Constanta', 'Ambarli Port Istanbul', 'Constanta', 'Ambarli Port Istanbul', 'Constanta', 'Ambarli Port Istanbul', 'Constanta', 'Ambarli Port Istanbul', 'Constanta', 'Ambarli Port Istanbul', 'Constanta', 'Ambarli Port Istanbul', 'Constanta', 'Ambarli Port Istanbul']",9306079,ADELINA,PMC
maersk,,,,"['Ambarli Port Istanbul', 'Constanta', 'Ambarli Port Istanbul', 'Constanta', 'Ambarli Port Istanbul', 'Constanta', 'Ambarli Port Istanbul', 'Constanta', 'Ambarli Port Istanbul', 'Constanta', 'Ambarli Port Istanbul', 'Constanta', 'Ambarli Port Istanbul', 'Constanta', 'Ambarli Port Istanbul']",9306079,ADELINA D,PMC
maersk,,,,[],9365843,ADMIRAL GALAXY,Q8J
maersk,,,,[],9138161,AEGEAN EXPRESS,7HW
maersk,,,,['Colombo'],9732345,AFIF,IC0
maersk,,,,['Colombo'],9525869,AIN SNAN EXPRESS,ID7
maersk,,,,"['Hamburg', 'Dublin', 'Gothenburg']",9315020,AKACIA,A4Z
maersk,,,,"['Salalah', 'Singapore', 'Ningbo', 'Shanghai']",9708825,AL DAHNA EXPRESS,HZ3
maersk,,,,"['Canakkale', 'Izmit Korfezi', 'Ambarli Port Istanbul', 'Canakkale', 'Port Said East']",9732307,AL DHAIL,IB1
maersk,,,,"['Colombo', 'Ningbo', 'Shanghai', 'Tanjung Pelepas']",9732321,AL JASRAH,IB2
maersk,,,,"['Colombo', 'Ningbo', 'Shanghai', 'Tanjung Pelepas']",9732321,AL JASRAH,IB2
maersk,,,,"['Koper', 'Rijeka', 'Port Said East']",9732357,AL JMELIYAH,R9F
maersk,,,,"['Antwerp', 'Southampton', 'Hamburg', 'Rotterdam', 'Charleston', 'Savannah', 'Norfolk']",9349538,AL MANAMAH,IG9
maersk,,,,"['Port Said East', 'Koper', 'Rijeka']",9732319,AL MASHRAB,IB4
maersk,,,,"['Port Said East', 'Koper', 'Rijeka']",9732319,AL MASHRAB,IB4
maersk,,,,"['Ningbo', 'Shanghai', 'Tanjung Pelepas']",9708837,AL MURABBA,IB6
maersk,,,,"['Salalah', 'Singapore', 'Ningbo']",9708863,AL MURAYKH,HZ4
maersk,,,,"['Port Said East', 'Koper', 'Rijeka', 'Port Said East']",9708849,AL NASRIYAH,IB7
maersk,,,,"['Salalah', 'Singapore', 'Ningbo', 'Shanghai', 'Tanjung Pelepas']",9708813,AL NEFUD,IA0
maersk,,,,"['Port Said East', 'Canakkale', 'Izmit Korfezi', 'Ambarli Port Istanbul', 'Canakkale', 'Port Said East']",9525924,AL QIBLA EXPRESS,ID8
maersk,,,,[],9504607,AL RAWDAH,ECB
maersk,,,,"['Hamburg', 'London Gateway', 'Port Tangier Mediterranee', 'Port Tangier Mediterranee', 'Salalah', 'Jebel Ali']",9525912,AL RIFFA,IE2
maersk,,,,[],9416006,AL RUMEILA,4UL
maersk,,,,"['Norfolk', 'Antwerp', 'Southampton', 'Hamburg', 'Rotterdam', 'Charleston']",9349497,AL SAFAT,BL9
maersk,,,,"['Rotterdam', 'Hamburg', 'London Gateway', 'Port Tangier Mediterranee', 'Port Tangier Mediterranee']",9708875,AL ZUBARA,IA4
maersk,,,,[],9168178,AL127,WW9
maersk,,,,"['Santos', 'Paranagua', 'Imbituba', 'Santos', 'Rio de Janeiro', 'Salvador', 'Cartagena', 'Kingston', 'Veracruz']",9225653,ALESSIA,HE0
maersk,,,,"['Singapore', 'Shanghai', 'Yantian', 'Tanjung Pelepas']",9948774,ALETTE MAERSK,V5Q
maersk,,,,[],9356684,ALEXANDRA A,P5U
maersk,,,,"['Port Tangier Mediterranee', 'Valencia', 'Port Said East', 'Valencia', 'Port Tangier Mediterranee']",9948786,ALEXANDRA MAERSK,V5R
maersk,,,,"['Vila do Conde', 'Pecem', 'Vila do Conde', 'Pecem', 'Vila do Conde', 'Pecem', 'Vila do Conde', 'Pecem', 'Vila do Conde', 'Pecem', 'Vila do Conde', 'Pecem']",9292137,ALIANCA LEBLON,M4G
maersk,,,,"['Salalah', 'Mogadishu', 'Salalah', 'Mogadishu', 'Salalah']",9273961,ALIANCA MANAUS,I3P
maersk,,,,"['Lome', 'Apapa', 'Onne', 'Cotonou', 'Singapore', 'Tanjung Pelepas']",9938303,ALS CERES,EE1
maersk,,,,"['Singapore', 'Tanjung Pelepas']",9938315,ALS FIDES,EM0
maersk,,,,"['Jakarta', 'Xingang']",9431719,ALS JUNO,U2T
maersk,,,,"['Tanjung Pelepas', 'Singapore', 'Gwangyang', 'Busan', 'Tanjung Pelepas', 'Singapore', 'Ningbo', 'Repair Yard']",9327786,ALS KRONOS,D6J
maersk,,,,"['Canakkale', 'Izmir', 'Salerno', 'Leghorn', 'Port Tangier Mediterranee', 'Newark', 'Norfolk', 'Savannah', 'Port Everglades']",9407146,ALTAMIRA EXPRESS,KL0
maersk,,,,"['Port Tangier Mediterranee', 'Port Tangier Mediterranee', 'Salalah', 'Jebel Ali', 'Mundra', 'Jawaharlal Nehru']",9525883,ALULA EXPRESS,ID9
maersk,,,,['Port Klang'],9983451,AMALFI BAY,GS0
maersk,,,,"['Shanghai', 'Qingdao', 'Busan', 'Yokohama', 'Manzanillo', 'Lazaro Cardenas', 'Guayaquil-Posorja']",9475703,AMBITION,ET9
maersk,,,,"['Santos', 'Itaguai Sepetiba', 'Salvador', 'Suape', 'Pecem', 'Manaus', 'Pecem', 'Suape', 'Santos', 'Santos', 'Itaguai Sepetiba', 'Salvador', 'Suape', 'Pecem']",9603233,AMERICO VESPUCIO,I3T
maersk,,,,"['Jeddah', 'Port Sudan', 'Jeddah', 'Port Sudan', 'Jeddah', 'Port Sudan', 'Jeddah']",9130121,AMO 2,P03
maersk,,,,"['Guayaquil', 'Arica', 'Antofagasta', 'San Antonio', 'San Vicente', 'Itapoa', 'Rio de Janeiro', 'Santos', 'Rio Grande']",9193317,AMSTERDAM EXPRESS,K7U
maersk,,,,"['Colombo', 'Singapore', 'Tanjung Pelepas', 'Salalah', 'Jebel Ali', 'Colombo', 'Singapore', 'Tanjung Pelepas']",9972983,ANAXAGORAS,EY9
maersk,,,,"['Algeciras', 'Vigo', 'Marin', 'Algeciras', 'Vigo', 'Marin', 'Algeciras', 'Vigo', 'Marin', 'Algeciras', 'Vigo', 'Marin', 'Algeciras', 'Vigo', 'Marin', 'Algeciras', 'Vigo', 'Marin', 'Algeciras']",9333357,ANDREA,71J
maersk,,,,"['Salalah', 'Jebel Ali', 'Mundra', 'Jawaharlal Nehru', 'Salalah']",9948798,ANGELICA MAERSK,V5S
maersk,,,,"['Tanjung Pelepas', 'Singapore', 'Dar es Salaam']",9253002,ANGELIKI,14E
maersk,,,,[],9334167,ANL WANGARATTA,H2V
maersk,,,,"['Surrey', 'Oakland', 'Long Beach']",9440772,ANL WARRNAMBOOL,CZU
maersk,,,,"['Algeciras', 'Port Tangier Mediterranee', 'Dakar', 'Algeciras', 'Port Tangier Mediterranee', 'Port Tangier Mediterranee', 'Dakar', 'Algeciras', 'Port Tangier Mediterranee', 'Port Tangier Mediterranee', 'Dakar', 'Algeciras', 'Port Tangier Mediterranee']",9306201,ANNABA,A7Z
maersk,,,,[],9437141,ANNALISA P,FVN
maersk,,,,"['Port Tangier Mediterranee', 'Port Tangier Mediterranee', 'Algeciras', 'Valencia', 'Fos sur Mer', 'Port Tangier Mediterranee', 'Port Tangier Mediterranee', 'Algeciras', 'Valencia', 'Fos sur Mer', 'Port Tangier Mediterranee', 'Port Tangier Mediterranee', 'Algeciras', 'Valencia', 'Fos sur Mer']",9243186,ANTIBES EXPRESS,IU3
maersk,,,,"['La Spezia', 'Genoa', 'Genoa Vado Ligure', 'Singapore']",9948762,ANTONIA MAERSK,V5P
maersk,,,,"['Colombo', 'Newark', 'Norfolk', 'Baltimore', 'Charleston']",9612997,ANTWERPEN EXPRESS,ID4
maersk,,,,"['Pointe Noire', 'Matadi', 'Pointe Noire', 'Matadi', 'Pointe Noire', 'Matadi', 'Pointe Noire', 'Matadi', 'Pointe Noire', 'Matadi', 'Pointe Noire', 'Matadi', 'Pointe Noire']",9267285,APALOS,AP1
maersk,,,,"['Bremerhaven', 'Bremerhaven', 'Wilhelmshaven', 'Gdansk', 'Gdynia', 'Gothenburg', 'Bremerhaven', 'Bremerhaven', 'Wilhelmshaven', 'Gdansk', 'Gdynia', 'Bremerhaven', 'Bremerhaven', 'Wilhelmshaven', 'Gdansk', 'Gdynia']",9292149,API BHUM,98Z
maersk,,,,"['Durban', 'Jebel Ali', 'Mundra', 'Jawaharlal Nehru']",9234109,APL CAIRO,4E2
maersk,,,,"['Pointe Noire', 'Kribi', 'Luanda', 'Luanda', 'Walvis Bay']",9632208,APL DETROIT,F9O
maersk,,,,"['Tema', 'Apapa', 'Cape Town', 'Port Elizabeth', 'Jebel Ali']",9218674,APL HOLLAND,U3A
maersk,,,,"['Singapore', 'Qingdao', 'Shanghai', 'Ningbo', 'Nansha New Port', 'Tanjung Pelepas', 'Singapore']",9597537,APL HOUSTON,I2B
maersk,,,,"['Shekou', 'Vung Tau', 'Singapore', 'Santos']",9350020,APL NEW JERSEY,KO4
maersk,,,,"['Qingdao', 'Shanghai', 'Ningbo', 'Nansha New Port', 'Tanjung Pelepas', 'Singapore', 'Pointe Noire']",9597563,APL SANTIAGO,D8Y
maersk,,,,"['Shuwaikh', 'Al Jubayl', 'Jebel Ali']",9360697,APOLLON D,EY2
maersk,,,,[],9306990,ARAYA BHUM,KV0
maersk,,,,"['Qingdao', 'Shanghai', 'Ningbo', 'Manila', 'MANILA SOUTH', 'Xingang', 'Qingdao', 'Shanghai', 'Ningbo']",9338058,ARCHER,U7L
maersk,,,,"['Tanjung Pelepas', 'Singapore', 'Dar es Salaam']",9222467,AREOPOLIS,K7A
maersk,,,,"['Buenos Aires', 'Ushuaia', 'Buenos Aires', 'Buenos Aires', 'Ushuaia', 'Buenos Aires', 'Buenos Aires']",9262871,ARGENTINO II,7XJ
maersk,,,,"['Tanjung Pelepas', 'Singapore', 'Xiamen', 'Xingang', 'Tanjung Pelepas', 'Singapore', 'Xiamen']",9385611,ARGOLIKOS,IU5
maersk,,,,"['Port Tangier Mediterranee', 'Genoa', 'Fos sur Mer', 'Algeciras', 'Port Tangier Mediterranee', 'Montreal']",9495765,ARICA EXPRESS,CD9
maersk,,,,"['Fredericia', 'Hamburg', 'Rotterdam', 'Hamburg', 'Rotterdam', 'Hamburg']",9123518,ARIES,1XX
maersk,,,,"['Jakarta', 'Bitung', 'Jakarta', 'Bitung']",9084786,ARMADA PERMATA,P4P
maersk,,,,"['Manzanillo', 'Cartagena', 'La Guaira', 'Puerto Cabello', 'Manzanillo', 'Cartagena', 'La Guaira', 'Puerto Cabello', 'Manzanillo', 'Cartagena', 'La Guaira', 'Puerto Cabello']",9357092,AS ANGELINA,BM9
maersk,,,,"['Jebel Ali', 'Umm Qasr', 'Jebel Ali', 'Umm Qasr', 'Jebel Ali', 'Umm Qasr', 'Jebel Ali', 'Umm Qasr', 'Jebel Ali', 'Umm Qasr', 'Jebel Ali', 'Umm Qasr']",9314959,AS CLEMENTINA,7QR
maersk,,,,"['Shanghai', 'Hong Kong', 'Brisbane', 'Auckland']",9342695,AS California,H5J
maersk,,,,"['Manzanillo', 'Puerto Cortes', 'Houston', 'New Orleans', 'Puerto Cortes', 'Manzanillo', 'Cristobal', 'Puerto Barrios', 'Houston', 'New Orleans', 'Puerto Cortes']",9314947,AS Camellia,H2K
maersk,,,,"['Laem Chabang', 'Shanghai', 'Ningbo', 'Xiamen', 'Jakarta', 'Semarang', 'Tanjung Pelepas', 'Laem Chabang', 'Shanghai', 'Ningbo']",9320037,AS Columbia,GF6
maersk,,,,"['Port Tangier Mediterranee', 'Algeciras', 'Nouakchott', 'Nouadhibou', 'Nouakchott', 'Port Tangier Mediterranee', 'Algeciras', 'Nouakchott', 'Nouadhibou', 'Nouakchott']",9395109,AS FABIANA,R8J
maersk,,,,[],9437115,AS FLORIANA,N3N
maersk,,,,[],9295517,AS FRANZISKA,G9M
maersk,,,,[],9292436,AS FREYA,Z9N
maersk,,,,"['Singapore', 'Surabaya', 'Semarang', 'Surabaya', 'Tanjung Pelepas', 'Singapore', 'Surabaya', 'Semarang', 'Surabaya', 'Tanjung Pelepas', 'Singapore', 'Surabaya', 'Semarang', 'Surabaya', 'Tanjung Pelepas']",9353230,AS NARA,97E
maersk,,,,[],9401178,AS NINA,L29
maersk,,,,"['Leghorn', 'Port Tangier Mediterranee', 'Algeciras', 'Aarhus', 'Gdansk']",9391787,AS NURIA,K1Z
maersk,,,,"['Puerto Moin', 'Manzanillo', 'Turbo', 'Santa Marta-Magdalena', 'Southampton', 'Antwerp', 'Hamburg', 'Bremerhaven']",9283693,AS PALINA,5XF
maersk,,,,"['Tanjung Pelepas', 'Singapore', 'Jakarta', 'Tanjung Pelepas', 'Singapore', 'Jakarta', 'Tanjung Pelepas', 'Singapore', 'Jakarta', 'Tanjung Pelepas', 'Singapore', 'Jakarta']",9294537,AS PENELOPE,82V
maersk,,,,"['Newark', 'Puerto Moin', 'Manzanillo', 'Turbo', 'Santa Marta-Magdalena', 'Southampton', 'Antwerp', 'Hamburg', 'Bremerhaven']",9286786,AS PETRONIA,5TF
maersk,,,,"['Davao City', 'Pyeongtaek', 'Seosan', 'Dalian', 'Xingang', 'Qingdao', 'Jakarta', 'Surabaya', 'Davao City']",9434450,AS PIA,L77
maersk,,,,"['Itapoa', 'Suape', 'Santos', 'Suape', 'Santos']",9410260,AS SAMANTA,60A
maersk,,,,"['Port Said East', 'Venezia', 'Trieste', 'Port Said East', 'Venezia', 'Trieste', 'Port Said East', 'Venezia', 'Trieste', 'Port Said East']",9410272,AS SARA,61A
maersk,,,,"['Abidjan', 'Monrovia', 'Abidjan', 'Monrovia', 'Abidjan', 'Monrovia', 'San-Pedro', 'Abidjan']",9516789,AS SELINA,U8P
maersk,,,,"['Yangon', 'Yangon Thilawa', 'Tanjung Pelepas', 'Tawau', 'Davao City', 'Cagayan de Oro', 'Shanghai', 'Busan', 'Moji', 'Shanghai', 'Ningbo']",9335812,AS SERENA,GG4
maersk,,,,"['Montevideo', 'Bahia Blanca', 'Puerto Madryn', 'Montevideo', 'Bahia Blanca', 'Puerto Madryn', 'Montevideo', 'Bahia Blanca', 'Puerto Madryn', 'Montevideo']",9813826,AS SILJE,T4E
maersk,,,,"['Qingdao', 'Shanghai', 'Ningbo', 'Shekou', 'Tanjung Pelepas', 'Yangon Thilawa', 'Yangon', 'Tanjung Pelepas']",9335800,AS SOPHIA,U7M
maersk,,,,"['Itapoa', 'Santos', 'Rio de Janeiro', 'Paranagua', 'Itapoa', 'Manzanillo', 'Paranagua', 'Itapoa']",9813802,AS Sabine,CS5
maersk,,,,"['Nouadhibou', 'Nouakchott', 'Port Tangier Mediterranee', 'Nouakchott', 'Nouadhibou', 'Nouakchott', 'Port Tangier Mediterranee', 'Algeciras', 'Nouakchott']",9387463,AS Sabrina,59A
maersk,,,,"['Guayaquil-Posorja', 'Balboa', 'Guayaquil-Posorja', 'Balboa', 'Guayaquil-Posorja', 'Balboa', 'Guayaquil-Posorja', 'Balboa', 'Guayaquil-Posorja', 'Balboa', 'Guayaquil-Posorja', 'Balboa']",9387451,AS Savanna,58A
maersk,,,,"['Davao City', 'Cagayan de Oro', 'Shanghai', 'Busan', 'Moji', 'Qingdao', 'Ningbo', 'Port Klang', 'Tanjung Pelepas', 'Tawau', 'General Santos City Dadiangas']",9813814,AS Simone,CS4
maersk,,,,"['Philadelphia', 'Norfolk', 'Charleston', 'Freeport', 'Port Elizabeth', 'Durban', 'Cape Town']",9825403,AS Stine,T4G
maersk,,,,[],9245689,ASIAN TRADER,9NE
maersk,,,,[],9935870,ASL PEONY,JV0
maersk,,,,[],9951135,ASTERIOS,DR6
maersk,,,,"['Ushuaia', 'Buenos Aires', 'Buenos Aires', 'Ushuaia', 'Buenos Aires', 'Buenos Aires', 'Ushuaia']",9406829,ASTURIANO III,KS9
maersk,,,,"['Houston', 'Mobile', 'Cartagena', 'Panama Canal', 'Balboa']",9718947,ATACAMA,H7H
maersk,,,,"['Misuratah', 'Al Khoms', 'Port Said East', 'Misuratah', 'Al Khoms', 'Port Said East', 'Misuratah', 'Al Khoms', 'Port Said East', 'Misuratah']",9187344,ATHENA,L9W
maersk,,,,[],9842750,ATI BHUM,G3E
maersk,,,,"['Rotterdam', 'Hamburg', 'London Gateway', 'Port Tangier Mediterranee', 'Port Tangier Mediterranee']",9667162,ATLANTA EXPRESS,IM4
maersk,,,,"['Rotterdam', 'Hamburg', 'London Gateway', 'Port Tangier Mediterranee', 'Port Tangier Mediterranee']",9667162,ATLANTA EXPRESS,IM4
maersk,,,,"['Thessaloniki', 'Izmit Korfezi', 'Port Said East', 'Thessaloniki', 'Izmit Korfezi', 'Port Said East', 'Thessaloniki', 'Izmit Korfezi']",9330850,ATLANTIC EXPRESS,A4V
maersk,,,,"['Port Tangier Mediterranee', 'Cagliari', 'Port Tangier Mediterranee', 'Cagliari', 'Port Tangier Mediterranee', 'Cagliari', 'Port Tangier Mediterranee', 'Cagliari', 'Port Tangier Mediterranee', 'Cagliari', 'Port Tangier Mediterranee', 'Cagliari', 'Port Tangier Mediterranee']",9354404,ATLANTIC GREEN,X9L
maersk,,,,"['Port Tangier Mediterranee', 'Cagliari', 'Port Tangier Mediterranee', 'Cagliari', 'Port Tangier Mediterranee', 'Cagliari', 'Port Tangier Mediterranee', 'Cagliari', 'Port Tangier Mediterranee', 'Cagliari', 'Port Tangier Mediterranee', 'Cagliari', 'Port Tangier Mediterranee']",9354404,ATLANTIC GREEN,X9L
maersk,,,,['Liverpool'],9234989,AURORA,0UF
maersk,,,,"['Tenerife', 'Las Palmas de Gran Canaria', 'Agadir', 'Algeciras', 'Port Tangier Mediterranee', 'Gijon', 'Bilbao', 'Algeciras', 'Tenerife', 'Las Palmas de Gran Canaria', 'Agadir', 'Algeciras', 'Port Tangier Mediterranee', 'Gijon', 'Bilbao', 'Algeciras']",9295529,AVILA,V8C
maersk,,,,"['Port Tangier Mediterranee', 'Valencia', 'Barcelona', 'La Spezia', 'Genoa', 'Genoa Vado Ligure']",9961831,AXEL MAERSK,BN4
maersk,,,,"['Genoa Vado Ligure', 'Singapore', 'Shanghai']",9948815,Adrian Maersk,V5U
maersk,,,,"['Port Said East', 'Valencia', 'Port Tangier Mediterranee', 'Salalah', 'Jebel Ali']",9961805,Albert Maersk,BN1
maersk,,,,"['Lae', 'Madang', 'Tanjung Pelepas', 'Torres Strait', 'Port Moresby', 'Port Noro', 'Lae', 'Madang']",9431343,Alexander L,E5U
maersk,,,,"['Port Tangier Mediterranee', 'Valencia', 'Barcelona', 'La Spezia', 'Genoa', 'Genoa Vado Ligure']",9961817,Alva Maersk,BN2
maersk,,,,"['Singapore', 'Shanghai', 'Yantian', 'Tanjung Pelepas']",9948748,Ane Maersk,V5N
maersk,,,,"['Bremerhaven', 'Maaloey']",9143829,Arctic Commander,5DX
maersk,,,,"['Sydney', 'Brisbane', 'Qingdao', 'Ningbo', 'Shanghai', 'Hong Kong', 'Yantian']",9262728,Aries,8AN
maersk,,,,"['Grundartangi', 'Rotterdam', 'Grundartangi', 'Rotterdam', 'Grundartangi', 'Rotterdam']",9306005,Arnarfell,IS1
maersk,,,,"['Singapore', 'Shanghai', 'Yantian', 'Tanjung Pelepas']",9961829,Arthur Maersk,BN3
maersk,,,,"['Pyeongtaek', 'Dalian', 'Xingang', 'Qingdao', 'Jakarta', 'Surabaya', 'Davao City', 'Pyeongtaek', 'Seosan', 'Dalian', 'Xingang']",9226425,Artotina,07N
maersk,,,,"['Jawaharlal Nehru', 'Salalah', 'Port Tangier Mediterranee', 'Valencia', 'Port Said East']",9948750,Astrid Maersk,V5O
maersk,,,,[],9465473,BALI SANUR,P6I
maersk,,,,[],9313228,BALTIC SHEARWATER,3EM
maersk,,,,"['Salalah', 'Jebel Ali', 'Mundra', 'Jawaharlal Nehru', 'Salalah']",9665621,BALTIMORE EXPRESS,IM3
maersk,,,,"['Port Reunion', 'Maputo', 'Beira', 'Singapore', 'Tanjung Pelepas']",9440796,BALTIMORE STAR,S7A
maersk,,,,"['Port Tangier Mediterranee', 'Port Tangier Mediterranee', 'Wilhelmshaven', 'Bremerhaven', 'Rotterdam']",9943889,BANGKOK EXPRESS,II8
maersk,,,,"['Algeciras', 'Port Tangier Mediterranee', 'Montreal', 'Port Tangier Mediterranee']",9626053,BARCELONA EXPRESS,H3J
maersk,,,,"['Asuncion Puerto Seguro Fluvial', 'Asuncion Terport Villeta', 'Montevideo', 'Asuncion Terport Villeta', 'Asuncion Puerto Seguro Fluvial', 'Asuncion Villeta ANNP', 'Asuncion Puerto Seguro Fluvial', 'Asuncion Terport Villeta', 'Buenos Aires', 'Asuncion Terport Villeta', 'Asuncion Puerto Seguro Fluvial', 'Asuncion Villeta ANNP', 'Asuncion Puerto Seguro Fluvial', 'Asuncion Terport Villeta', 'Buenos Aires']",9796341,BARGE PAR 10001,W9Q
maersk,,,,"['Montevideo', 'Asuncion Terport Villeta', 'Asuncion Puerto Seguro Fluvial', 'Asuncion Villeta ANNP', 'Asuncion Puerto Seguro Fluvial', 'Asuncion Terport Villeta', 'Buenos Aires', 'Asuncion Terport Villeta', 'Asuncion Puerto Seguro Fluvial', 'Asuncion Villeta ANNP', 'Asuncion Puerto Seguro Fluvial', 'Asuncion Terport Villeta', 'Buenos Aires', 'Asuncion Terport Villeta', 'Asuncion Puerto Seguro Fluvial', 'Asuncion Villeta ANNP', 'Asuncion Puerto Seguro Fluvial', 'Asuncion Terport Villeta']",9545974,BARGE PAR 10002,W9C
maersk,,,,"['Asuncion Terport Villeta', 'Asuncion Puerto Seguro Fluvial', 'Asuncion Villeta ANNP', 'Buenos Aires', 'Asuncion Terport Villeta', 'Asuncion Puerto Seguro Fluvial', 'Asuncion Villeta ANNP', 'Asuncion Puerto Seguro Fluvial', 'Asuncion Terport Villeta', 'Buenos Aires', 'Asuncion Terport Villeta', 'Asuncion Puerto Seguro Fluvial', 'Asuncion Villeta ANNP', 'Asuncion Puerto Seguro Fluvial', 'Asuncion Terport Villeta', 'Buenos Aires']",9551090,BARGE PAR 10003,W9D
maersk,,,,"['Asuncion Terport Villeta', 'Asuncion Puerto Seguro Fluvial', 'Asuncion Villeta ANNP', 'Asuncion Puerto Seguro Fluvial', 'Asuncion Terport Villeta', 'Buenos Aires', 'Asuncion Terport Villeta', 'Asuncion Puerto Seguro Fluvial', 'Asuncion Villeta ANNP', 'Asuncion Puerto Seguro Fluvial', 'Asuncion Terport Villeta', 'Buenos Aires']",1016018,BARGE PAR 13001,W8A
maersk,,,,"['Montevideo', 'Asuncion Terport Villeta', 'Asuncion Puerto Seguro Fluvial', 'Asuncion Villeta ANNP', 'Asuncion Puerto Seguro Fluvial', 'Asuncion Terport Villeta', 'Buenos Aires', 'Asuncion Terport Villeta', 'Asuncion Puerto Seguro Fluvial', 'Asuncion Villeta ANNP', 'Asuncion Puerto Seguro Fluvial', 'Asuncion Terport Villeta', 'Buenos Aires', 'Asuncion Terport Villeta', 'Asuncion Puerto Seguro Fluvial', 'Asuncion Villeta ANNP', 'Asuncion Puerto Seguro Fluvial', 'Asuncion Terport Villeta']",9535503,BARGE PAR 6001,W9E
maersk,,,,"['Rio Grande', 'Imbituba', 'Itapoa', 'Suape', 'Pecem', 'Salvador', 'Santos', 'Itajai', 'Rio Grande', 'Imbituba', 'Itapoa', 'Suape', 'Pecem', 'Salvador', 'Santos', 'Itajai']",9625384,BARTOLOMEU DIAS,I3U
maersk,,,,"['Ningbo', 'Shanghai', 'Tanjung Pelepas']",9708851,BARZAN,IA5
maersk,,,,"['Nansha New Port', 'Yantian', 'Vung Tau', 'Tanjung Pelepas', 'Colombo']",9501344,BASLE EXPRESS,ID5
maersk,,,,[],9372925,BBC HONGKONG,PT1
maersk,,,,"['Bremerhaven', 'Hamburg', 'Hamburg']",9333345,BEATE,0XF
maersk,,,,"['Singapore', 'Ningbo', 'Shanghai', 'Tanjung Pelepas']",9540118,BERLIN EXPRESS,IE6
maersk,,,,[],9415959,BERNARD A,4G2
maersk,,,,[],9492505,BERNHARD SCHEPERS,I8U
maersk,,,,"['Jakarta', 'Surabaya', 'Davao City', 'Pyeongtaek', 'Seosan', 'Dalian', 'Xingang', 'Qingdao', 'Jakarta']",9336177,BEROLINA C,52E
maersk,,,,"['Oran', 'Valencia', 'Algeciras', 'Oran', 'Valencia', 'Algeciras']",9297618,BF Caroda,83Z
maersk,,,,"['Port Tangier Mediterranee', 'Port Tangier Mediterranee', 'Algeciras', 'Banjul', 'Algeciras', 'Port Tangier Mediterranee', 'Banjul']",9252785,BF ESPERANZA,64W
maersk,,,,"['Tokyo', 'Kobe', 'Busan', 'Shanghai', 'Yantian', 'Hong Kong', 'Brisbane', 'Auckland']",9442172,BF GIANT,M21
maersk,,,,"['Kiamari Karachi', 'Colombo']",9332860,BF HAMBURG,HBG
maersk,,,,"['Valencia', 'Algeciras', 'Oran', 'Valencia', 'Algeciras', 'Oran', 'Valencia', 'Algeciras']",9266542,BF LETICIA,63W
maersk,,,,[],9437218,BF PERCH,O1Q
maersk,,,,[],9123324,BF PHILIPP,G25
maersk,,,,[],9303792,BF TIGER,Q4Z
maersk,,,,"['Bosporus', 'Izmit Korfezi', 'Ambarli Port Istanbul', 'Bosporus', 'Poti', 'Bosporus', 'Izmit Korfezi', 'Ambarli Port Istanbul', 'Bosporus']",9437232,BF TROUT,B81
maersk,,,,"['Jebel Ali', 'Mundra', 'Jawaharlal Nehru', 'Durban']",9364203,BFAD PACIFIC,89C
maersk,,,,"['Rotterdam', 'Rotterdam', 'Rotterdam', 'Rotterdam', 'Southampton', 'Belfast Northern Ireland', 'Rotterdam', 'Rotterdam', 'Rotterdam', 'Rotterdam', 'Teesport', 'Grangemouth', 'Rotterdam', 'Rotterdam', 'Rotterdam', 'Rotterdam', 'Southampton', 'Cork Co Cork', 'Rotterdam', 'Rotterdam', 'Rotterdam', 'Rotterdam', 'Belfast Northern Ireland', 'Dublin', 'Rotterdam', 'Rotterdam', 'Rotterdam', 'Rotterdam', 'Teesport']",9803675,BG DIAMOND,9KX
maersk,,,,"['Grangemouth', 'Rotterdam', 'Rotterdam', 'Rotterdam', 'Rotterdam', 'Southampton', 'Cork Co Cork', 'Rotterdam', 'Rotterdam', 'Rotterdam', 'Rotterdam', 'Belfast Northern Ireland', 'Dublin', 'Rotterdam', 'Rotterdam', 'Rotterdam', 'Rotterdam', 'Teesport', 'Grangemouth', 'Rotterdam', 'Rotterdam', 'Rotterdam', 'Rotterdam', 'Southampton', 'Cork Co Cork', 'Rotterdam', 'Rotterdam', 'Rotterdam']",9803704,BG EMERALD,9YI
maersk,,,,"['London Gateway', 'Dublin', 'Liverpool', 'London Gateway', 'Liverpool', 'Dublin', 'Rotterdam', 'Rotterdam', 'Rotterdam', 'Rotterdam', 'London Gateway', 'Dublin', 'Liverpool', 'London Gateway', 'Liverpool', 'Dublin', 'Rotterdam', 'Rotterdam', 'Rotterdam', 'Rotterdam', 'London Gateway', 'Dublin']",9964613,BG Green,UK6
maersk,,,,[],9355446,BG IRELAND,BGL
maersk,,,,"['Rotterdam', 'Rotterdam', 'Rotterdam', 'Rotterdam', 'Dunkerque', 'Grangemouth', 'Rotterdam', 'Rotterdam', 'Rotterdam', 'Rotterdam', 'Southampton', 'Cork Co Cork', 'Rotterdam', 'Rotterdam', 'Rotterdam', 'Rotterdam', 'Belfast Northern Ireland', 'Dublin', 'Rotterdam', 'Rotterdam', 'Rotterdam', 'Rotterdam', 'Teesport', 'Grangemouth', 'Rotterdam', 'Rotterdam', 'Rotterdam', 'Rotterdam']",9803687,BG JADE,9OV
maersk,,,,[],9436197,BG ONYX,2TF
maersk,,,,"['Rotterdam', 'Rotterdam', 'Rotterdam', 'Rotterdam', 'London Gateway', 'Dublin', 'Liverpool', 'London Gateway', 'Liverpool', 'Dublin', 'Rotterdam', 'Rotterdam', 'Rotterdam', 'Rotterdam', 'London Gateway', 'Dublin', 'Liverpool', 'London Gateway', 'Liverpool', 'Dublin']",9964637,BG ORANGE,UK8
maersk,,,,"['Rotterdam', 'Rotterdam', 'Rotterdam', 'Rotterdam', 'London Gateway', 'Dublin', 'Liverpool', 'London Gateway', 'Liverpool', 'Dublin', 'Rotterdam', 'Rotterdam', 'Rotterdam', 'Rotterdam', 'London Gateway', 'Dublin', 'Liverpool', 'London Gateway', 'Liverpool', 'Dublin']",9964637,BG ORANGE,UK8
maersk,,,,"['London Gateway', 'Liverpool', 'Dublin', 'Rotterdam', 'Rotterdam', 'Rotterdam', 'London Gateway', 'Dublin', 'Liverpool', 'London Gateway', 'Dublin', 'Liverpool', 'London Gateway', 'Liverpool', 'Dublin', 'Rotterdam', 'Rotterdam', 'Rotterdam', 'Rotterdam']",9976965,BG RED,UK3
maersk,,,,[],9436202,BG Ruby,072
maersk,,,,"['Rotterdam', 'Southampton', 'Cork Co Cork', 'Rotterdam', 'Rotterdam', 'Rotterdam', 'Rotterdam', 'Belfast Northern Ireland', 'Dublin', 'Rotterdam', 'Rotterdam', 'Rotterdam', 'Rotterdam', 'Teesport', 'Grangemouth', 'Rotterdam', 'Rotterdam', 'Rotterdam', 'Rotterdam', 'Southampton', 'Cork Co Cork', 'Rotterdam', 'Rotterdam', 'Rotterdam', 'Rotterdam', 'Belfast Northern Ireland', 'Dublin']",9803699,BG SAPPHIRE,9WV
maersk,,,,"['Drammen', 'Larvik', 'Kristiansand', 'Bremerhaven', 'Hamburg', 'Hamburg', 'Oslo', 'Drammen', 'Larvik', 'Bremerhaven', 'Hamburg', 'Oslo', 'Drammen', 'Larvik', 'Kristiansand', 'Bremerhaven', 'Hamburg', 'Hamburg', 'Oslo', 'Drammen', 'Larvik', 'Kristiansand', 'Bremerhaven', 'Hamburg', 'Hamburg', 'Oslo', 'Drammen', 'Larvik', 'Kristiansand', 'Bremerhaven', 'Hamburg', 'Hamburg', 'Oslo', 'Drammen', 'Larvik', 'Kristiansand', 'Bremerhaven', 'Hamburg', 'Hamburg', 'Oslo', 'Drammen', 'Larvik', 'Kristiansand', 'Bremerhaven']",9297591,BIANCA RAMBOW,0ZV
maersk,,,,[],9336335,BIENDONG FREIGHTER,P07
maersk,,,,[],9300142,BIG BREEZY,DC5
maersk,,,,[],9231834,BJORG,9D7
maersk,,,,[],9134684,BOAT BLESSING,I5O
maersk,,,,"['Mundra', 'Umm Qasr']",9937397,BORKUM,GT5
maersk,,,,"['Kallo', 'Oulu', 'Kallo', 'Oulu', 'Kallo', 'Oulu']",9884679,BOTNIA ENABLER,FI2
maersk,,,,[],9706281,BOX ENDEAVOUR,J51
maersk,,,,"['Ningbo', 'Xingang', 'Tanjung Pelepas', 'Singapore', 'Xingang', 'Tanjung Pelepas', 'Singapore']",9367188,BREMEN BELLE,D6H
maersk,,,,"['Torshavn', 'Aarhus', 'Torshavn', 'Aarhus']",9822841,BRUARFOSS,8EP
maersk,,,,"['Shanghai', 'Tanjung Pelepas', 'Port Said East']",9708784,BRUSSELS EXPRESS,IB9
maersk,,,,"['Port Everglades', 'Newark', 'Baltimore', 'Charleston', 'Port Everglades', 'Cartagena', 'Manzanillo', 'Port Everglades', 'Newark', 'Baltimore', 'Charleston', 'Port Everglades', 'Cartagena', 'Manzanillo']",9439498,BSG BAHAMAS,K4D
maersk,,,,"['Ningbo', 'Nansha New Port', 'Singapore', 'Tanjung Pelepas', 'Mombasa', 'Tanjung Pelepas', 'Singapore']",9333046,BSG BARBADOS,S8B
maersk,,,,"['Port Klang', 'Penang', 'Tanjung Pelepas', 'Port Klang', 'Penang', 'Tanjung Pelepas', 'Port Klang', 'Penang', 'Tanjung Pelepas', 'Port Klang', 'Penang', 'Tanjung Pelepas', 'Singapore', 'Port Klang', 'Penang', 'Tanjung Pelepas', 'Singapore', 'Port Klang', 'Penang', 'Tanjung Pelepas', 'Singapore', 'Port Klang', 'Penang', 'Tanjung Pelepas', 'Singapore', 'Port Klang', 'Penang']",9333058,BSG BIMINI,31Y
maersk,,,,"['Port Tangier Mediterranee', 'Algeciras', 'Antwerp', 'Port Tangier Mediterranee', 'Algeciras', 'Antwerp', 'Port Tangier Mediterranee', 'Algeciras', 'Antwerp']",9303766,BSG BONAIRE,G93
maersk,,,,"['Yokohama', 'Ningbo', 'Shanghai', 'Busan']",9450430,BUDAPEST EXPRESS,EE3
maersk,,,,"['Caucedo', 'Rio Haina', 'San Juan', 'Caucedo', 'Manzanillo', 'Cartagena', 'Caucedo', 'Rio Haina', 'San Juan', 'Caucedo', 'Manzanillo']",9372872,BURGUNDY,L75
maersk,,,,"['Caucedo', 'Rio Haina', 'San Juan', 'Caucedo', 'Manzanillo', 'Cartagena', 'Caucedo', 'Rio Haina', 'San Juan', 'Caucedo', 'Manzanillo']",9372872,BURGUNDY,L75
maersk,,,,"['Tanjung Pelepas', 'Port Tangier Mediterranee', 'Port Tangier Mediterranee', 'Wilhelmshaven']",9540144,BUSAN EXPRESS,IE8
maersk,,,,"['Oulu', 'Kallo', 'Oulu', 'Kallo', 'Oulu', 'Kallo']",9884681,Baltic Enabler,FI1
maersk,,,,"['Ningbo', 'Hong Kong', 'Tanjung Pelepas', 'Algeciras']",9984560,Berlin Maersk,DN2
maersk,,,,"['Abidjan', 'Onne', 'Takoradi', 'San-Pedro', 'Abidjan']",9256377,Big Dog,39R
maersk,,,,"['Port Elizabeth', 'Port Tangier Mediterranee', 'Port Tangier Mediterranee', 'Algeciras', 'Freetown', 'Conakry', 'Cotonou']",9315355,Boston,U7T
maersk,,,,"['Semarang', 'Surabaya', 'Tanjung Pelepas', 'Singapore', 'Surabaya', 'Semarang', 'Surabaya', 'Tanjung Pelepas', 'Singapore', 'Surabaya', 'Semarang', 'Surabaya', 'Tanjung Pelepas', 'Singapore', 'Surabaya']",9315343,Brickell,U7U
maersk,,,,"['Songkhla', 'Kuantan', 'Tanjung Pelepas', 'Songkhla', 'Kuantan', 'Tanjung Pelepas', 'Songkhla', 'Kuantan', 'Tanjung Pelepas', 'Songkhla', 'Kuantan', 'Tanjung Pelepas', 'Songkhla', 'Kuantan', 'Tanjung Pelepas', 'Songkhla', 'Kuantan', 'Tanjung Pelepas', 'Songkhla']",9412787,CALA PAGURO,GE5
maersk,,,,[],9306067,CALISTO,0V9
maersk,,,,[],9777606,CALLAO EXPRESS,J8W
maersk,,,,"['Xiamen', 'Busan', 'Long Beach']",9484560,CAP JACKSON,I1A
maersk,,,,"['Yantian', 'Xiamen', 'Busan', 'Long Beach']",9484572,CAP JERVIS,I1B
maersk,,,,"['Santos', 'Port Tangier Mediterranee', 'Southampton', 'London Gateway', 'Rotterdam', 'Hamburg', 'Bremerhaven', 'Antwerp', 'Port Tangier Mediterranee']",9633939,CAP SAN ARTEMISSIO,H7A
maersk,,,,"['Qingdao', 'Shanghai', 'Ningbo', 'Hong Kong', 'Yantian']",9717204,CAP SAN JUAN,L2X
maersk,,,,"['Shanghai', 'Ningbo', 'Hong Kong', 'Yantian', 'Santos', 'Itapoa']",9717216,CAP SAN LAZARO,L2W
maersk,,,,"['Singapore', 'Hong Kong', 'Qingdao', 'Shanghai', 'Ningbo', 'Hong Kong', 'Yantian']",9633941,CAP SAN MALEAS,H7B
maersk,,,,"['Colombo', 'Ennore Chennai', 'Colombo']",9633953,CAP SAN SOUNIO,H7C
maersk,,,,"['Santos', 'Itapoa', 'Buenos Aires', 'Montevideo', 'Itapoa', 'Paranagua', 'Santos']",9633965,CAP SAN TAINARO,H7D
maersk,,,,"['Santos', 'Itapoa', 'Buenos Aires', 'Montevideo', 'Itapoa', 'Paranagua', 'Santos']",9717228,CAP SAN VINCENT,L2V
maersk,,,,"['Cartagena', 'Felixstowe', 'Hamburg', 'Antwerp']",9848730,CAPE ALTIUS,T6N
maersk,,,,"['Singapore', 'Port Klang']",9696084,CAPE ARAXOS,D9B
maersk,,,,"['Southampton', 'Antwerp', 'Hamburg', 'Bremerhaven', 'Newark', 'Puerto Moin', 'Manzanillo', 'Turbo']",9848742,CAPE CITIUS,GH7
maersk,,,,[],9696072,CAPE ORIENT,B9D
maersk,,,,"['Cartagena', 'Veracruz', 'Altamira', 'Houston', 'New Orleans', 'Cartagena', 'Suape']",9719874,CAPE PIONEER,BL8
maersk,,,,"['Philadelphia', 'Cartagena', 'Felixstowe']",9950131,CAPE SABLE,KK5
maersk,,,,"['Auckland', 'Nelson', 'Timaru', 'Port Chalmers', 'Napier', 'Tauranga', 'Shanghai', 'Hong Kong']",9950143,CAPE SERRAT,EX0
maersk,,,,"['Paranagua', 'Itapoa', 'Rosario', 'ZARATE', 'Itapoa', 'Santos', 'Rosario', 'ZARATE', 'Itapoa', 'Santos', 'Rosario', 'ZARATE']",9969869,CAPE SOREL,EW9
